case:concept:name,concept:name,org:resource,time:timestamp,lifecycle:transition
0,A_Create Application,User_10,2021-01-01 00:00:00,COMPLETE
0,A_Submitted,User_10,2021-01-01 00:00:00,COMPLETE
1,A_Create Application,User_27,2021-01-01 01:10:32,COMPLETE
1,A_Concept,User_27,2021-01-01 01:10:32,COMPLETE
0,A_Concept,User_10,2021-01-01 01:31:54,COMPLETE
2,A_Create Application,User_1,2021-01-01 02:20:14,COMPLETE
2,A_Concept,User_1,2021-01-01 02:20:14,COMPLETE
3,A_Create Application,User_14,2021-01-01 03:32:11,COMPLETE
3,A_Concept,User_14,2021-01-01 03:32:11,COMPLETE
4,A_Create Application,User_1,2021-01-01 04:41:07,COMPLETE
4,A_Submitted,User_1,2021-01-01 04:41:07,COMPLETE
5,A_Create Application,User_1,2021-01-01 05:49:05,COMPLETE
5,A_Concept,User_20,2021-01-01 05:49:05,COMPLETE
4,A_Concept,User_1,2021-01-01 06:08:43,COMPLETE
6,A_Create Application,User_43,2021-01-01 06:59:55,COMPLETE
6,A_Concept,User_1,2021-01-01 06:59:55,COMPLETE
7,A_Create Application,User_1,2021-01-01 08:10:51,COMPLETE
7,A_Concept,User_70,2021-01-01 08:10:51,COMPLETE
8,A_Create Application,User_1,2021-01-01 09:20:26,COMPLETE
8,A_Submitted,User_3,2021-01-01 09:20:26,COMPLETE
8,A_Concept,User_1,2021-01-01 10:14:15,COMPLETE
9,A_Create Application,User_11,2021-01-01 10:30:06,COMPLETE
9,A_Concept,User_1,2021-01-01 10:30:06,COMPLETE
10,A_Create Application,User_1,2021-01-01 11:40:17,COMPLETE
10,A_Concept,User_1,2021-01-01 11:40:17,COMPLETE
11,A_Create Application,User_1,2021-01-01 12:50:47,COMPLETE
11,A_Concept,User_1,2021-01-01 12:50:47,COMPLETE
12,A_Create Application,User_1,2021-01-01 14:00:32,COMPLETE
12,A_Submitted,User_1,2021-01-01 14:00:32,COMPLETE
13,A_Create Application,User_1,2021-01-01 15:10:33,COMPLETE
13,A_Concept,User_1,2021-01-01 15:10:33,COMPLETE
12,A_Concept,User_1,2021-01-01 15:12:12,COMPLETE
14,A_Create Application,User_1,2021-01-01 16:22:35,COMPLETE
14,A_Concept,User_1,2021-01-01 16:22:35,COMPLETE
15,A_Create Application,User_1,2021-01-01 17:32:35,COMPLETE
15,A_Concept,User_1,2021-01-01 17:32:35,COMPLETE
16,A_Create Application,User_1,2021-01-01 18:43:26,COMPLETE
16,A_Submitted,User_1,2021-01-01 18:43:26,COMPLETE
17,A_Create Application,User_1,2021-01-01 19:53:22,COMPLETE
17,A_Concept,User_1,2021-01-01 19:53:22,COMPLETE
16,A_Concept,User_1,2021-01-01 19:59:06,COMPLETE
18,A_Create Application,User_35,2021-01-01 21:03:27,COMPLETE
18,A_Concept,User_35,2021-01-01 21:03:27,COMPLETE
19,A_Create Application,User_1,2021-01-01 22:13:04,COMPLETE
19,A_Concept,User_2,2021-01-01 22:13:04,COMPLETE
20,A_Create Application,User_1,2021-01-01 23:23:19,COMPLETE
20,A_Submitted,User_1,2021-01-01 23:23:19,COMPLETE
20,A_Concept,User_1,2021-01-02 00:24:32,COMPLETE
21,A_Create Application,User_1,2021-01-02 00:33:57,COMPLETE
21,A_Concept,User_41,2021-01-02 00:33:57,COMPLETE
22,A_Create Application,User_1,2021-01-02 01:43:36,COMPLETE
22,A_Concept,User_74,2021-01-02 01:43:36,COMPLETE
23,A_Create Application,User_1,2021-01-02 02:52:58,COMPLETE
23,A_Submitted,User_1,2021-01-02 02:52:58,COMPLETE
24,A_Create Application,User_1,2021-01-02 04:03:23,COMPLETE
24,A_Submitted,User_49,2021-01-02 04:03:23,COMPLETE
23,A_Concept,User_1,2021-01-02 04:26:46,COMPLETE
25,A_Create Application,User_1,2021-01-02 05:13:42,COMPLETE
25,A_Concept,User_1,2021-01-02 05:13:42,COMPLETE
24,A_Concept,User_1,2021-01-02 06:17:44,COMPLETE
26,A_Create Application,User_1,2021-01-02 06:24:44,COMPLETE
26,A_Concept,User_74,2021-01-02 06:24:44,COMPLETE
27,A_Create Application,User_4,2021-01-02 07:35:43,COMPLETE
27,A_Concept,User_4,2021-01-02 07:35:43,COMPLETE
28,A_Create Application,User_1,2021-01-02 08:45:42,COMPLETE
28,A_Submitted,User_1,2021-01-02 08:45:42,COMPLETE
28,A_Concept,User_1,2021-01-02 09:46:03,COMPLETE
29,A_Create Application,User_1,2021-01-02 09:55:34,COMPLETE
29,A_Concept,User_1,2021-01-02 09:55:34,COMPLETE
30,A_Create Application,User_1,2021-01-02 11:05:23,COMPLETE
30,A_Concept,User_1,2021-01-02 11:05:23,COMPLETE
31,A_Create Application,User_1,2021-01-02 12:13:35,COMPLETE
31,A_Concept,User_1,2021-01-02 12:13:35,COMPLETE
32,A_Create Application,User_20,2021-01-02 13:24:34,COMPLETE
32,A_Submitted,User_20,2021-01-02 13:24:34,COMPLETE
33,A_Create Application,User_1,2021-01-02 14:35:40,COMPLETE
33,A_Concept,User_1,2021-01-02 14:35:40,COMPLETE
32,A_Concept,User_20,2021-01-02 15:21:45,COMPLETE
3,A_Accepted,User_14,2021-01-02 15:38:16,COMPLETE
34,A_Create Application,User_25,2021-01-02 15:46:20,COMPLETE
34,A_Concept,User_1,2021-01-02 15:46:20,COMPLETE
35,A_Create Application,User_1,2021-01-02 16:54:44,COMPLETE
35,A_Concept,User_34,2021-01-02 16:54:44,COMPLETE
36,A_Create Application,User_1,2021-01-02 18:03:50,COMPLETE
36,A_Submitted,User_5,2021-01-02 18:03:50,COMPLETE
36,A_Concept,User_5,2021-01-02 18:19:08,COMPLETE
3,A_Complete,User_14,2021-01-02 19:07:00,COMPLETE
37,A_Create Application,User_1,2021-01-02 19:12:48,COMPLETE
37,A_Concept,User_1,2021-01-02 19:12:48,COMPLETE
1,A_Accepted,User_27,2021-01-02 20:22:22,COMPLETE
38,A_Create Application,User_1,2021-01-02 20:23:45,COMPLETE
38,A_Concept,User_36,2021-01-02 20:23:45,COMPLETE
39,A_Create Application,User_1,2021-01-02 21:34:47,COMPLETE
39,A_Concept,User_10,2021-01-02 21:34:47,COMPLETE
40,A_Create Application,User_1,2021-01-02 22:47:07,COMPLETE
40,A_Submitted,User_1,2021-01-02 22:47:07,COMPLETE
2,A_Accepted,User_18,2021-01-02 23:29:35,COMPLETE
2,A_Complete,User_18,2021-01-02 23:29:35,COMPLETE
41,A_Create Application,User_3,2021-01-02 23:58:13,COMPLETE
41,A_Concept,User_3,2021-01-02 23:58:13,COMPLETE
40,A_Concept,User_2,2021-01-03 00:08:05,COMPLETE
1,A_Complete,User_27,2021-01-03 00:53:03,COMPLETE
0,A_Accepted,User_10,2021-01-03 00:57:33,COMPLETE
42,A_Create Application,User_13,2021-01-03 01:09:49,COMPLETE
42,A_Concept,User_13,2021-01-03 01:09:49,COMPLETE
0,A_Complete,User_10,2021-01-03 02:20:12,COMPLETE
43,A_Create Application,User_1,2021-01-03 02:20:42,COMPLETE
43,A_Concept,User_10,2021-01-03 02:20:42,COMPLETE
4,A_Accepted,User_2,2021-01-03 02:55:25,COMPLETE
44,A_Create Application,User_1,2021-01-03 03:31:29,COMPLETE
44,A_Submitted,User_1,2021-01-03 03:31:29,COMPLETE
44,A_Concept,User_1,2021-01-03 04:13:14,COMPLETE
45,A_Create Application,User_1,2021-01-03 04:42:01,COMPLETE
45,A_Concept,User_19,2021-01-03 04:42:01,COMPLETE
9,A_Accepted,User_3,2021-01-03 05:07:22,COMPLETE
9,A_Complete,User_3,2021-01-03 05:07:22,COMPLETE
6,A_Accepted,User_5,2021-01-03 05:09:51,COMPLETE
46,A_Create Application,User_1,2021-01-03 05:51:19,COMPLETE
46,A_Concept,User_1,2021-01-03 05:51:19,COMPLETE
4,A_Complete,User_2,2021-01-03 06:46:23,COMPLETE
47,A_Create Application,User_1,2021-01-03 07:02:58,COMPLETE
47,A_Concept,User_18,2021-01-03 07:02:58,COMPLETE
6,A_Complete,User_5,2021-01-03 07:44:30,COMPLETE
48,A_Create Application,User_1,2021-01-03 08:11:36,COMPLETE
48,A_Submitted,User_1,2021-01-03 08:11:36,COMPLETE
11,A_Accepted,User_27,2021-01-03 08:48:31,COMPLETE
11,A_Complete,User_27,2021-01-03 08:48:31,COMPLETE
49,A_Create Application,User_13,2021-01-03 09:23:57,COMPLETE
49,A_Concept,User_13,2021-01-03 09:23:57,COMPLETE
8,A_Accepted,User_4,2021-01-03 09:31:19,COMPLETE
8,A_Complete,User_4,2021-01-03 09:31:19,COMPLETE
48,A_Concept,User_44,2021-01-03 09:56:56,COMPLETE
5,A_Accepted,User_20,2021-01-03 10:31:52,COMPLETE
50,A_Create Application,User_70,2021-01-03 10:34:17,COMPLETE
50,A_Submitted,User_1,2021-01-03 10:34:17,COMPLETE
13,A_Accepted,User_37,2021-01-03 11:39:55,COMPLETE
51,A_Create Application,User_1,2021-01-03 11:43:42,COMPLETE
51,A_Concept,User_1,2021-01-03 11:43:42,COMPLETE
50,A_Concept,User_14,2021-01-03 11:48:26,COMPLETE
15,A_Accepted,User_49,2021-01-03 12:00:57,COMPLETE
14,A_Accepted,User_35,2021-01-03 12:32:33,COMPLETE
23,A_Accepted,User_5,2021-01-03 12:45:46,COMPLETE
52,A_Create Application,User_1,2021-01-03 12:52:07,COMPLETE
52,A_Submitted,User_1,2021-01-03 12:52:07,COMPLETE
52,A_Concept,User_1,2021-01-03 13:44:00,COMPLETE
12,A_Accepted,User_71,2021-01-03 13:56:44,COMPLETE
7,A_Accepted,User_70,2021-01-03 13:57:54,COMPLETE
13,A_Complete,User_37,2021-01-03 13:59:25,COMPLETE
15,A_Complete,User_49,2021-01-03 14:01:48,COMPLETE
53,A_Create Application,User_1,2021-01-03 14:02:56,COMPLETE
53,A_Concept,User_2,2021-01-03 14:02:56,COMPLETE
18,A_Accepted,User_35,2021-01-03 14:04:46,COMPLETE
7,A_Complete,User_70,2021-01-03 14:46:57,COMPLETE
54,A_Create Application,User_17,2021-01-03 15:13:02,COMPLETE
54,A_Concept,User_17,2021-01-03 15:13:02,COMPLETE
23,A_Complete,User_5,2021-01-03 15:41:17,COMPLETE
18,A_Complete,User_35,2021-01-03 16:14:02,COMPLETE
55,A_Create Application,User_1,2021-01-03 16:22:25,COMPLETE
55,A_Concept,User_1,2021-01-03 16:22:25,COMPLETE
5,A_Complete,User_20,2021-01-03 16:33:15,COMPLETE
12,A_Complete,User_71,2021-01-03 17:08:18,COMPLETE
56,A_Create Application,User_1,2021-01-03 17:33:16,COMPLETE
56,A_Submitted,User_1,2021-01-03 17:33:16,COMPLETE
56,A_Concept,User_1,2021-01-03 18:38:53,COMPLETE
57,A_Create Application,User_1,2021-01-03 18:42:54,COMPLETE
57,A_Concept,User_1,2021-01-03 18:42:54,COMPLETE
21,A_Accepted,User_41,2021-01-03 19:43:09,COMPLETE
58,A_Create Application,User_14,2021-01-03 19:55:57,COMPLETE
58,A_Concept,User_1,2021-01-03 19:55:57,COMPLETE
14,A_Complete,User_35,2021-01-03 20:30:13,COMPLETE
59,A_Create Application,User_13,2021-01-03 21:04:19,COMPLETE
59,A_Concept,User_13,2021-01-03 21:04:19,COMPLETE
21,A_Complete,User_41,2021-01-03 22:12:45,COMPLETE
60,A_Create Application,User_1,2021-01-03 22:12:52,COMPLETE
60,A_Submitted,User_1,2021-01-03 22:12:52,COMPLETE
19,A_Accepted,User_2,2021-01-03 22:27:05,COMPLETE
19,A_Complete,User_2,2021-01-03 22:46:33,COMPLETE
61,A_Create Application,User_1,2021-01-03 23:23:22,COMPLETE
61,A_Concept,User_14,2021-01-03 23:23:22,COMPLETE
10,A_Accepted,User_31,2021-01-03 23:43:40,COMPLETE
60,A_Concept,User_1,2021-01-03 23:51:11,COMPLETE
62,A_Create Application,User_1,2021-01-04 00:32:34,COMPLETE
62,A_Concept,User_1,2021-01-04 00:32:34,COMPLETE
29,A_Accepted,User_31,2021-01-04 01:06:30,COMPLETE
63,A_Create Application,User_1,2021-01-04 01:43:33,COMPLETE
63,A_Concept,User_1,2021-01-04 01:43:33,COMPLETE
24,A_Accepted,User_35,2021-01-04 01:44:26,COMPLETE
10,A_Complete,User_31,2021-01-04 02:45:15,COMPLETE
64,A_Create Application,User_1,2021-01-04 02:53:25,COMPLETE
64,A_Submitted,User_1,2021-01-04 02:53:25,COMPLETE
17,A_Accepted,User_43,2021-01-04 03:05:43,COMPLETE
30,A_Accepted,User_74,2021-01-04 03:17:43,COMPLETE
65,A_Create Application,User_1,2021-01-04 04:05:09,COMPLETE
65,A_Concept,User_38,2021-01-04 04:05:09,COMPLETE
20,A_Accepted,User_4,2021-01-04 04:38:39,COMPLETE
64,A_Concept,User_1,2021-01-04 04:56:53,COMPLETE
39,A_Accepted,User_10,2021-01-04 05:07:22,COMPLETE
66,A_Create Application,User_1,2021-01-04 05:16:19,COMPLETE
66,A_Concept,User_1,2021-01-04 05:16:19,COMPLETE
24,A_Complete,User_35,2021-01-04 05:32:23,COMPLETE
32,A_Accepted,User_20,2021-01-04 05:33:42,COMPLETE
31,A_Accepted,User_2,2021-01-04 05:37:20,COMPLETE
29,A_Complete,User_31,2021-01-04 05:51:46,COMPLETE
22,A_Accepted,User_74,2021-01-04 06:13:47,COMPLETE
22,A_Complete,User_74,2021-01-04 06:13:47,COMPLETE
67,A_Create Application,User_25,2021-01-04 06:27:19,COMPLETE
67,A_Concept,User_1,2021-01-04 06:27:19,COMPLETE
27,A_Accepted,User_4,2021-01-04 06:34:49,COMPLETE
39,A_Complete,User_10,2021-01-04 06:36:28,COMPLETE
28,A_Accepted,User_25,2021-01-04 06:47:20,COMPLETE
27,A_Complete,User_4,2021-01-04 07:24:53,COMPLETE
31,A_Complete,User_2,2021-01-04 07:35:57,COMPLETE
68,A_Create Application,User_1,2021-01-04 07:38:26,COMPLETE
68,A_Submitted,User_1,2021-01-04 07:38:26,COMPLETE
36,A_Accepted,User_5,2021-01-04 08:06:02,COMPLETE
36,A_Complete,User_5,2021-01-04 08:06:02,COMPLETE
69,A_Create Application,User_41,2021-01-04 08:49:32,COMPLETE
69,A_Concept,User_1,2021-01-04 08:49:32,COMPLETE
33,A_Accepted,User_52,2021-01-04 09:13:58,COMPLETE
68,A_Concept,User_1,2021-01-04 09:31:05,COMPLETE
70,A_Create Application,User_13,2021-01-04 09:59:19,COMPLETE
70,A_Submitted,User_1,2021-01-04 09:59:19,COMPLETE
30,A_Complete,User_74,2021-01-04 10:00:07,COMPLETE
28,A_Complete,User_25,2021-01-04 10:09:10,COMPLETE
17,A_Complete,User_43,2021-01-04 10:14:47,COMPLETE
20,A_Complete,User_4,2021-01-04 10:41:49,COMPLETE
26,A_Accepted,User_74,2021-01-04 10:44:03,COMPLETE
70,A_Concept,User_1,2021-01-04 10:51:16,COMPLETE
71,A_Create Application,User_7,2021-01-04 11:11:09,COMPLETE
71,A_Concept,User_7,2021-01-04 11:11:09,COMPLETE
32,A_Complete,User_20,2021-01-04 11:47:03,COMPLETE
34,A_Accepted,User_34,2021-01-04 12:00:36,COMPLETE
72,A_Create Application,User_2,2021-01-04 12:23:00,COMPLETE
72,A_Submitted,User_2,2021-01-04 12:23:00,COMPLETE
72,A_Concept,User_1,2021-01-04 13:18:26,COMPLETE
73,A_Create Application,User_1,2021-01-04 13:32:22,COMPLETE
73,A_Concept,User_1,2021-01-04 13:32:22,COMPLETE
37,A_Accepted,User_49,2021-01-04 13:37:00,COMPLETE
74,A_Create Application,User_25,2021-01-04 14:43:23,COMPLETE
74,A_Concept,User_25,2021-01-04 14:43:23,COMPLETE
37,A_Complete,User_49,2021-01-04 15:30:20,COMPLETE
75,A_Create Application,User_25,2021-01-04 15:53:04,COMPLETE
75,A_Concept,User_25,2021-01-04 15:53:04,COMPLETE
33,A_Complete,User_52,2021-01-04 15:54:10,COMPLETE
35,A_Accepted,User_34,2021-01-04 15:57:09,COMPLETE
26,A_Complete,User_74,2021-01-04 16:16:41,COMPLETE
34,A_Complete,User_34,2021-01-04 16:20:24,COMPLETE
76,A_Create Application,User_3,2021-01-04 17:04:51,COMPLETE
76,A_Submitted,User_3,2021-01-04 17:04:51,COMPLETE
35,A_Complete,User_34,2021-01-04 17:35:06,COMPLETE
16,A_Accepted,User_18,2021-01-04 17:40:36,COMPLETE
40,A_Accepted,User_2,2021-01-04 18:09:06,COMPLETE
77,A_Create Application,User_21,2021-01-04 18:14:16,COMPLETE
77,A_Concept,User_21,2021-01-04 18:14:16,COMPLETE
76,A_Concept,User_3,2021-01-04 18:19:05,COMPLETE
25,A_Accepted,User_49,2021-01-04 18:57:13,COMPLETE
78,A_Create Application,User_1,2021-01-04 19:25:54,COMPLETE
78,A_Concept,User_11,2021-01-04 19:25:54,COMPLETE
79,A_Create Application,User_1,2021-01-04 20:35:33,COMPLETE
79,A_Concept,User_24,2021-01-04 20:35:33,COMPLETE
44,A_Accepted,User_28,2021-01-04 20:38:33,COMPLETE
16,A_Complete,User_18,2021-01-04 21:21:17,COMPLETE
80,A_Create Application,User_1,2021-01-04 21:46:03,COMPLETE
80,A_Submitted,User_74,2021-01-04 21:46:03,COMPLETE
41,A_Accepted,User_3,2021-01-04 22:07:27,COMPLETE
52,A_Accepted,User_3,2021-01-04 22:31:43,COMPLETE
44,A_Complete,User_28,2021-01-04 22:47:26,COMPLETE
81,A_Create Application,User_12,2021-01-04 22:57:38,COMPLETE
81,A_Concept,User_1,2021-01-04 22:57:38,COMPLETE
40,A_Complete,User_2,2021-01-04 23:08:54,COMPLETE
38,A_Accepted,User_36,2021-01-04 23:24:43,COMPLETE
25,A_Complete,User_49,2021-01-04 23:25:41,COMPLETE
80,A_Concept,User_1,2021-01-04 23:32:25,COMPLETE
38,A_Complete,User_36,2021-01-04 23:59:56,COMPLETE
82,A_Create Application,User_1,2021-01-05 00:08:56,COMPLETE
82,A_Submitted,User_1,2021-01-05 00:08:56,COMPLETE
52,A_Complete,User_3,2021-01-05 00:10:56,COMPLETE
43,A_Accepted,User_10,2021-01-05 00:32:14,COMPLETE
51,A_Accepted,User_2,2021-01-05 00:53:20,COMPLETE
51,A_Complete,User_2,2021-01-05 00:53:20,COMPLETE
83,A_Create Application,User_1,2021-01-05 01:18:49,COMPLETE
83,A_Concept,User_1,2021-01-05 01:18:49,COMPLETE
82,A_Concept,User_1,2021-01-05 01:24:46,COMPLETE
42,A_Accepted,User_13,2021-01-05 02:02:10,COMPLETE
84,A_Create Application,User_1,2021-01-05 02:29:50,COMPLETE
84,A_Submitted,User_1,2021-01-05 02:29:50,COMPLETE
41,A_Complete,User_3,2021-01-05 02:59:33,COMPLETE
85,A_Create Application,User_38,2021-01-05 03:37:36,COMPLETE
85,A_Concept,User_1,2021-01-05 03:37:36,COMPLETE
84,A_Concept,User_1,2021-01-05 03:44:02,COMPLETE
86,A_Create Application,User_1,2021-01-05 04:48:46,COMPLETE
86,A_Concept,User_3,2021-01-05 04:48:46,COMPLETE
45,A_Accepted,User_19,2021-01-05 04:54:54,COMPLETE
45,A_Complete,User_19,2021-01-05 05:45:29,COMPLETE
87,A_Create Application,User_1,2021-01-05 05:59:11,COMPLETE
87,A_Concept,User_1,2021-01-05 05:59:11,COMPLETE
46,A_Accepted,User_25,2021-01-05 06:37:17,COMPLETE
43,A_Complete,User_10,2021-01-05 07:05:42,COMPLETE
88,A_Create Application,User_1,2021-01-05 07:10:43,COMPLETE
88,A_Submitted,User_34,2021-01-05 07:10:43,COMPLETE
60,A_Accepted,User_35,2021-01-05 07:13:45,COMPLETE
42,A_Complete,User_13,2021-01-05 08:08:06,COMPLETE
89,A_Create Application,User_1,2021-01-05 08:21:01,COMPLETE
89,A_Concept,User_1,2021-01-05 08:21:01,COMPLETE
88,A_Concept,User_1,2021-01-05 08:23:59,COMPLETE
54,A_Accepted,User_17,2021-01-05 08:41:36,COMPLETE
46,A_Complete,User_25,2021-01-05 08:49:34,COMPLETE
90,A_Create Application,User_34,2021-01-05 09:32:54,COMPLETE
90,A_Submitted,User_1,2021-01-05 09:32:54,COMPLETE
64,A_Accepted,User_49,2021-01-05 09:46:04,COMPLETE
50,A_Accepted,User_14,2021-01-05 09:59:59,COMPLETE
50,A_Complete,User_14,2021-01-05 10:30:45,COMPLETE
91,A_Create Application,User_1,2021-01-05 10:41:14,COMPLETE
91,A_Concept,User_1,2021-01-05 10:41:14,COMPLETE
90,A_Concept,User_18,2021-01-05 10:41:42,COMPLETE
60,A_Complete,User_35,2021-01-05 11:08:22,COMPLETE
92,A_Create Application,User_1,2021-01-05 11:51:43,COMPLETE
92,A_Submitted,User_1,2021-01-05 11:51:43,COMPLETE
92,A_Concept,User_1,2021-01-05 12:55:53,COMPLETE
93,A_Create Application,User_3,2021-01-05 13:00:59,COMPLETE
93,A_Concept,User_1,2021-01-05 13:00:59,COMPLETE
48,A_Accepted,User_44,2021-01-05 14:11:19,COMPLETE
94,A_Create Application,User_70,2021-01-05 14:11:21,COMPLETE
94,A_Concept,User_1,2021-01-05 14:11:21,COMPLETE
64,A_Complete,User_49,2021-01-05 15:16:14,COMPLETE
95,A_Create Application,User_1,2021-01-05 15:22:06,COMPLETE
95,A_Concept,User_15,2021-01-05 15:22:06,COMPLETE
48,A_Complete,User_44,2021-01-05 15:25:24,COMPLETE
54,A_Complete,User_17,2021-01-05 15:34:25,COMPLETE
53,A_Accepted,User_2,2021-01-05 15:52:18,COMPLETE
58,A_Accepted,User_7,2021-01-05 16:05:42,COMPLETE
96,A_Create Application,User_1,2021-01-05 16:32:50,COMPLETE
96,A_Submitted,User_1,2021-01-05 16:32:50,COMPLETE
97,A_Create Application,User_1,2021-01-05 17:42:29,COMPLETE
97,A_Concept,User_7,2021-01-05 17:42:29,COMPLETE
58,A_Complete,User_7,2021-01-05 18:04:53,COMPLETE
59,A_Accepted,User_13,2021-01-05 18:08:27,COMPLETE
96,A_Concept,User_1,2021-01-05 18:09:32,COMPLETE
49,A_Accepted,User_13,2021-01-05 18:23:04,COMPLETE
98,A_Create Application,User_1,2021-01-05 18:51:36,COMPLETE
98,A_Concept,User_1,2021-01-05 18:51:36,COMPLETE
67,A_Accepted,User_5,2021-01-05 19:38:41,COMPLETE
47,A_Accepted,User_18,2021-01-05 19:47:47,COMPLETE
53,A_Complete,User_2,2021-01-05 19:59:53,COMPLETE
99,A_Create Application,User_31,2021-01-05 20:01:07,COMPLETE
99,A_Concept,User_31,2021-01-05 20:01:07,COMPLETE
67,A_Complete,User_5,2021-01-05 20:53:22,COMPLETE
66,A_Accepted,User_37,2021-01-05 21:06:05,COMPLETE
66,A_Complete,User_37,2021-01-05 21:26:05,COMPLETE
56,A_Accepted,User_19,2021-01-05 21:36:34,COMPLETE
59,A_Complete,User_13,2021-01-05 21:45:07,COMPLETE
57,A_Accepted,User_38,2021-01-05 22:30:53,COMPLETE
68,A_Accepted,User_14,2021-01-05 22:46:54,COMPLETE
47,A_Complete,User_18,2021-01-05 23:05:57,COMPLETE
57,A_Complete,User_38,2021-01-05 23:54:05,COMPLETE
61,A_Accepted,User_14,2021-01-06 00:05:49,COMPLETE
49,A_Complete,User_13,2021-01-06 00:15:21,COMPLETE
68,A_Complete,User_14,2021-01-06 00:38:39,COMPLETE
55,A_Accepted,User_71,2021-01-06 01:14:33,COMPLETE
61,A_Complete,User_14,2021-01-06 01:46:50,COMPLETE
65,A_Accepted,User_38,2021-01-06 03:18:11,COMPLETE
69,A_Accepted,User_14,2021-01-06 03:41:59,COMPLETE
71,A_Accepted,User_7,2021-01-06 04:33:54,COMPLETE
56,A_Complete,User_19,2021-01-06 05:14:31,COMPLETE
69,A_Complete,User_14,2021-01-06 05:14:50,COMPLETE
65,A_Complete,User_38,2021-01-06 05:26:40,COMPLETE
71,A_Complete,User_7,2021-01-06 06:57:35,COMPLETE
70,A_Accepted,User_44,2021-01-06 07:34:23,COMPLETE
70,A_Complete,User_44,2021-01-06 08:34:13,COMPLETE
78,A_Accepted,User_11,2021-01-06 08:59:29,COMPLETE
73,A_Accepted,User_25,2021-01-06 09:07:29,COMPLETE
63,A_Accepted,User_37,2021-01-06 10:47:43,COMPLETE
55,A_Complete,User_71,2021-01-06 11:16:49,COMPLETE
63,A_Complete,User_37,2021-01-06 12:05:04,COMPLETE
78,A_Complete,User_11,2021-01-06 12:21:54,COMPLETE
83,A_Accepted,User_31,2021-01-06 12:57:18,COMPLETE
72,A_Accepted,User_19,2021-01-06 13:08:30,COMPLETE
77,A_Accepted,User_21,2021-01-06 13:43:46,COMPLETE
77,A_Complete,User_21,2021-01-06 13:43:46,COMPLETE
74,A_Accepted,User_25,2021-01-06 14:22:40,COMPLETE
80,A_Accepted,User_31,2021-01-06 14:35:26,COMPLETE
83,A_Complete,User_31,2021-01-06 15:07:07,COMPLETE
72,A_Complete,User_19,2021-01-06 15:31:48,COMPLETE
73,A_Complete,User_25,2021-01-06 17:09:12,COMPLETE
81,A_Accepted,User_38,2021-01-06 17:32:00,COMPLETE
80,A_Complete,User_31,2021-01-06 17:46:53,COMPLETE
62,A_Accepted,User_9,2021-01-06 18:10:04,COMPLETE
88,A_Accepted,User_3,2021-01-06 18:14:42,COMPLETE
74,A_Complete,User_25,2021-01-06 18:36:33,COMPLETE
81,A_Complete,User_38,2021-01-06 20:02:06,COMPLETE
88,A_Complete,User_3,2021-01-06 20:04:47,COMPLETE
79,A_Accepted,User_24,2021-01-06 20:13:37,COMPLETE
79,A_Complete,User_24,2021-01-06 20:13:37,COMPLETE
84,A_Accepted,User_16,2021-01-06 22:13:10,COMPLETE
84,A_Complete,User_16,2021-01-06 23:30:47,COMPLETE
75,A_Accepted,User_25,2021-01-06 23:58:42,COMPLETE
82,A_Accepted,User_28,2021-01-07 00:18:59,COMPLETE
62,A_Complete,User_9,2021-01-07 00:33:04,COMPLETE
93,A_Accepted,User_7,2021-01-07 01:31:12,COMPLETE
91,A_Accepted,User_21,2021-01-07 02:06:55,COMPLETE
75,A_Complete,User_25,2021-01-07 02:16:05,COMPLETE
85,A_Accepted,User_20,2021-01-07 03:14:48,COMPLETE
93,A_Complete,User_7,2021-01-07 04:10:01,COMPLETE
76,A_Accepted,User_3,2021-01-07 04:10:10,COMPLETE
76,A_Complete,User_3,2021-01-07 04:10:10,COMPLETE
82,A_Complete,User_28,2021-01-07 04:25:04,COMPLETE
85,A_Complete,User_20,2021-01-07 04:37:27,COMPLETE
91,A_Complete,User_21,2021-01-07 04:51:28,COMPLETE
99,A_Accepted,User_31,2021-01-07 09:23:53,COMPLETE
99,A_Complete,User_31,2021-01-07 10:41:59,COMPLETE
90,A_Accepted,User_18,2021-01-07 12:02:40,COMPLETE
89,A_Accepted,User_38,2021-01-07 13:41:05,COMPLETE
87,A_Accepted,User_74,2021-01-07 13:42:33,COMPLETE
90,A_Complete,User_18,2021-01-07 13:56:31,COMPLETE
92,A_Accepted,User_37,2021-01-07 14:27:30,COMPLETE
97,A_Accepted,User_7,2021-01-07 16:29:31,COMPLETE
97,A_Complete,User_7,2021-01-07 16:29:31,COMPLETE
98,A_Accepted,User_10,2021-01-07 16:42:35,COMPLETE
94,A_Accepted,User_52,2021-01-07 16:48:43,COMPLETE
94,A_Complete,User_52,2021-01-07 17:13:14,COMPLETE
92,A_Complete,User_37,2021-01-07 19:21:23,COMPLETE
96,A_Accepted,User_4,2021-01-07 19:34:14,COMPLETE
87,A_Complete,User_74,2021-01-07 19:44:33,COMPLETE
89,A_Complete,User_38,2021-01-07 19:45:23,COMPLETE
98,A_Complete,User_10,2021-01-07 19:51:26,COMPLETE
96,A_Complete,User_4,2021-01-07 20:39:35,COMPLETE
86,A_Accepted,User_3,2021-01-07 21:46:01,COMPLETE
95,A_Accepted,User_15,2021-01-07 22:36:54,COMPLETE
95,A_Complete,User_15,2021-01-07 22:36:54,COMPLETE
86,A_Complete,User_3,2021-01-08 02:05:01,COMPLETE
4,A_Cancelled,User_2,2021-01-31 19:10:11,COMPLETE
8,A_Cancelled,User_4,2021-02-01 18:11:55,COMPLETE
21,A_Cancelled,User_1,2021-02-01 18:57:09,COMPLETE
17,A_Cancelled,User_43,2021-02-01 22:57:22,COMPLETE
2,A_Validating,User_34,2021-02-02 02:16:03,COMPLETE
38,A_Validating,User_113,2021-02-02 11:02:22,COMPLETE
0,A_Cancelled,User_10,2021-02-02 12:49:36,COMPLETE
23,A_Validating,User_119,2021-02-02 13:49:00,COMPLETE
27,A_Validating,User_34,2021-02-02 16:09:31,COMPLETE
41,A_Cancelled,User_3,2021-02-02 19:21:23,COMPLETE
30,A_Validating,User_35,2021-02-02 20:59:30,COMPLETE
1,A_Cancelled,User_1,2021-02-02 22:00:01,COMPLETE
61,A_Cancelled,User_1,2021-02-02 22:47:27,COMPLETE
12,A_Cancelled,User_1,2021-02-03 00:28:27,COMPLETE
11,A_Validating,User_35,2021-02-03 02:41:34,COMPLETE
10,A_Validating,User_113,2021-02-03 05:55:02,COMPLETE
3,A_Validating,User_125,2021-02-03 08:48:43,COMPLETE
15,A_Validating,User_113,2021-02-03 11:56:24,COMPLETE
9,A_Cancelled,User_3,2021-02-03 12:16:53,COMPLETE
43,A_Validating,User_35,2021-02-03 14:31:17,COMPLETE
51,A_Validating,User_125,2021-02-03 15:49:49,COMPLETE
19,A_Validating,User_112,2021-02-03 16:40:24,COMPLETE
36,A_Cancelled,User_5,2021-02-03 17:05:28,COMPLETE
13,A_Cancelled,User_1,2021-02-03 17:22:37,COMPLETE
37,A_Cancelled,User_1,2021-02-03 17:55:47,COMPLETE
32,A_Cancelled,User_20,2021-02-03 18:24:20,COMPLETE
45,A_Cancelled,User_19,2021-02-03 18:33:49,COMPLETE
31,A_Validating,User_117,2021-02-03 18:35:25,COMPLETE
22,A_Validating,User_34,2021-02-03 18:37:38,COMPLETE
72,A_Cancelled,User_19,2021-02-03 18:49:28,COMPLETE
40,A_Cancelled,User_2,2021-02-03 19:52:10,COMPLETE
28,A_Cancelled,User_25,2021-02-03 20:14:41,COMPLETE
70,A_Validating,User_112,2021-02-03 20:52:17,COMPLETE
18,A_Validating,User_35,2021-02-03 23:08:53,COMPLETE
48,A_Cancelled,User_1,2021-02-03 23:13:37,COMPLETE
25,A_Cancelled,User_49,2021-02-04 00:17:58,COMPLETE
35,A_Validating,User_34,2021-02-04 00:53:55,COMPLETE
44,A_Cancelled,User_28,2021-02-04 01:13:46,COMPLETE
29,A_Cancelled,User_31,2021-02-04 01:35:09,COMPLETE
5,A_Cancelled,User_20,2021-02-04 01:50:37,COMPLETE
52,A_Cancelled,User_1,2021-02-04 04:31:38,COMPLETE
20,A_Cancelled,User_4,2021-02-04 05:19:35,COMPLETE
50,A_Validating,User_114,2021-02-04 07:00:23,COMPLETE
24,A_Cancelled,User_1,2021-02-04 07:16:41,COMPLETE
6,A_Validating,User_34,2021-02-04 08:43:06,COMPLETE
57,A_Cancelled,User_38,2021-02-04 08:44:51,COMPLETE
7,A_Validating,User_112,2021-02-04 09:31:05,COMPLETE
63,A_Validating,User_112,2021-02-04 11:34:34,COMPLETE
14,A_Validating,User_35,2021-02-04 12:34:05,COMPLETE
26,A_Validating,User_113,2021-02-04 13:01:21,COMPLETE
46,A_Validating,User_117,2021-02-04 14:45:12,COMPLETE
33,A_Cancelled,User_1,2021-02-04 15:01:29,COMPLETE
78,A_Validating,User_112,2021-02-04 16:55:11,COMPLETE
53,A_Cancelled,User_2,2021-02-04 17:06:47,COMPLETE
66,A_Cancelled,User_1,2021-02-04 19:54:35,COMPLETE
16,A_Cancelled,User_1,2021-02-04 19:59:24,COMPLETE
65,A_Cancelled,User_1,2021-02-04 21:37:21,COMPLETE
34,A_Cancelled,User_34,2021-02-05 00:18:02,COMPLETE
88,A_Cancelled,User_3,2021-02-05 00:24:13,COMPLETE
77,A_Cancelled,User_1,2021-02-05 01:05:37,COMPLETE
58,A_Validating,User_34,2021-02-05 01:20:19,COMPLETE
49,A_Cancelled,User_1,2021-02-05 02:33:58,COMPLETE
2,A_Cancelled,User_34,2021-02-05 03:48:28,COMPLETE
39,A_Validating,User_85,2021-02-05 05:02:51,COMPLETE
23,A_Cancelled,User_1,2021-02-05 06:34:59,COMPLETE
91,A_Validating,User_85,2021-02-05 09:06:05,COMPLETE
38,A_Cancelled,User_74,2021-02-05 09:44:53,COMPLETE
60,A_Cancelled,User_1,2021-02-05 09:58:48,COMPLETE
82,A_Validating,User_114,2021-02-05 12:33:26,COMPLETE
55,A_Validating,User_119,2021-02-05 12:55:06,COMPLETE
42,A_Validating,User_34,2021-02-05 13:32:04,COMPLETE
27,A_Cancelled,User_1,2021-02-05 14:44:50,COMPLETE
97,A_Cancelled,User_1,2021-02-05 14:49:22,COMPLETE
30,A_Cancelled,User_1,2021-02-05 15:00:18,COMPLETE
76,A_Cancelled,User_1,2021-02-05 15:26:13,COMPLETE
81,A_Cancelled,User_1,2021-02-05 17:45:09,COMPLETE
56,A_Cancelled,User_19,2021-02-05 17:48:47,COMPLETE
47,A_Validating,User_113,2021-02-05 19:05:36,COMPLETE
11,A_Cancelled,User_1,2021-02-05 19:49:19,COMPLETE
68,A_Cancelled,User_1,2021-02-05 22:38:07,COMPLETE
62,A_Cancelled,User_1,2021-02-05 22:56:02,COMPLETE
15,A_Denied,User_144,2021-02-06 01:57:17,COMPLETE
67,A_Validating,User_114,2021-02-06 03:08:31,COMPLETE
85,A_Cancelled,User_1,2021-02-06 05:11:27,COMPLETE
3,A_Cancelled,User_14,2021-02-06 05:27:27,COMPLETE
73,A_Cancelled,User_25,2021-02-06 05:34:25,COMPLETE
98,A_Validating,User_120,2021-02-06 05:49:11,COMPLETE
51,A_Cancelled,User_2,2021-02-06 06:49:35,COMPLETE
59,A_Validating,User_119,2021-02-06 07:17:59,COMPLETE
69,A_Cancelled,User_14,2021-02-06 07:37:23,COMPLETE
10,A_Cancelled,User_52,2021-02-06 09:24:54,COMPLETE
31,A_Cancelled,User_2,2021-02-06 09:57:58,COMPLETE
83,A_Cancelled,User_1,2021-02-06 10:21:08,COMPLETE
43,A_Cancelled,User_1,2021-02-06 10:30:26,COMPLETE
19,A_Cancelled,User_2,2021-02-06 12:02:08,COMPLETE
54,A_Denied,User_95,2021-02-06 14:03:57,COMPLETE
80,A_Cancelled,User_1,2021-02-06 14:48:57,COMPLETE
18,A_Cancelled,User_1,2021-02-06 15:54:48,COMPLETE
7,A_Cancelled,User_1,2021-02-06 18:52:00,COMPLETE
6,A_Denied,User_95,2021-02-06 19:51:56,COMPLETE
22,A_Cancelled,User_1,2021-02-06 20:52:38,COMPLETE
35,A_Cancelled,User_1,2021-02-06 22:27:07,COMPLETE
70,A_Cancelled,User_1,2021-02-06 23:03:53,COMPLETE
87,A_Validating,User_113,2021-02-06 23:43:44,COMPLETE
99,A_Validating,User_34,2021-02-06 23:49:27,COMPLETE
26,A_Denied,User_144,2021-02-07 02:38:51,COMPLETE
14,A_Cancelled,User_1,2021-02-07 03:48:56,COMPLETE
63,A_Denied,User_90,2021-02-07 04:17:52,COMPLETE
50,A_Cancelled,User_14,2021-02-07 05:16:57,COMPLETE
64,A_Cancelled,User_49,2021-02-07 05:24:16,COMPLETE
75,A_Validating,User_112,2021-02-07 07:53:46,COMPLETE
46,A_Denied,User_30,2021-02-07 09:55:00,COMPLETE
78,A_Cancelled,User_11,2021-02-07 10:02:08,COMPLETE
86,A_Cancelled,User_3,2021-02-07 12:02:26,COMPLETE
58,A_Denied,User_95,2021-02-07 14:26:28,COMPLETE
71,A_Validating,User_35,2021-02-07 16:53:18,COMPLETE
84,A_Cancelled,User_16,2021-02-07 18:16:11,COMPLETE
92,A_Cancelled,User_37,2021-02-07 18:27:03,COMPLETE
96,A_Cancelled,User_4,2021-02-07 19:32:40,COMPLETE
74,A_Validating,User_35,2021-02-07 22:26:00,COMPLETE
39,A_Cancelled,User_38,2021-02-07 22:57:43,COMPLETE
91,A_Cancelled,User_2,2021-02-08 00:00:18,COMPLETE
42,A_Cancelled,User_1,2021-02-08 00:13:26,COMPLETE
95,A_Validating,User_30,2021-02-08 01:31:43,COMPLETE
79,A_Validating,User_112,2021-02-08 04:09:11,COMPLETE
90,A_Validating,User_114,2021-02-08 04:43:36,COMPLETE
55,A_Cancelled,User_34,2021-02-08 06:35:02,COMPLETE
82,A_Cancelled,User_28,2021-02-08 07:14:24,COMPLETE
93,A_Cancelled,User_1,2021-02-08 15:39:16,COMPLETE
67,A_Cancelled,User_5,2021-02-08 15:50:17,COMPLETE
47,A_Cancelled,User_31,2021-02-08 18:07:42,COMPLETE
59,A_Cancelled,User_10,2021-02-08 18:52:39,COMPLETE
89,A_Cancelled,User_38,2021-02-08 19:42:27,COMPLETE
98,A_Cancelled,User_21,2021-02-09 03:46:44,COMPLETE
94,A_Validating,User_116,2021-02-09 04:27:19,COMPLETE
99,A_Cancelled,User_34,2021-02-09 19:22:48,COMPLETE
87,A_Cancelled,User_25,2021-02-09 22:41:28,COMPLETE
71,A_Cancelled,User_1,2021-02-10 06:11:04,COMPLETE
74,A_Cancelled,User_1,2021-02-10 10:02:20,COMPLETE
75,A_Denied,User_101,2021-02-10 11:54:55,COMPLETE
95,A_Cancelled,User_9,2021-02-10 23:03:55,COMPLETE
79,A_Cancelled,User_1,2021-02-11 00:43:43,COMPLETE
90,A_Cancelled,User_1,2021-02-11 01:56:37,COMPLETE
94,A_Cancelled,User_1,2021-02-12 03:54:38,COMPLETE
100,A_Create Application,User_2,2021-02-12 03:54:38,COMPLETE
100,A_Submitted,User_2,2021-02-12 03:54:38,COMPLETE
101,A_Create Application,User_1,2021-02-12 05:05:10,COMPLETE
101,A_Concept,User_1,2021-02-12 05:05:10,COMPLETE
100,A_Concept,User_2,2021-02-12 05:48:17,COMPLETE
102,A_Create Application,User_1,2021-02-12 06:14:52,COMPLETE
102,A_Concept,User_1,2021-02-12 06:14:52,COMPLETE
103,A_Create Application,User_1,2021-02-12 07:26:49,COMPLETE
103,A_Submitted,User_1,2021-02-12 07:26:49,COMPLETE
103,A_Concept,User_1,2021-02-12 08:33:45,COMPLETE
104,A_Create Application,User_1,2021-02-12 08:35:45,COMPLETE
104,A_Submitted,User_1,2021-02-12 08:35:45,COMPLETE
104,A_Concept,User_10,2021-02-12 09:32:04,COMPLETE
105,A_Create Application,User_1,2021-02-12 09:43:43,COMPLETE
105,A_Concept,User_1,2021-02-12 09:43:43,COMPLETE
106,A_Create Application,User_3,2021-02-12 10:54:33,COMPLETE
106,A_Concept,User_1,2021-02-12 10:54:33,COMPLETE
107,A_Create Application,User_1,2021-02-12 12:05:29,COMPLETE
107,A_Submitted,User_1,2021-02-12 12:05:29,COMPLETE
108,A_Create Application,User_1,2021-02-12 13:15:04,COMPLETE
108,A_Submitted,User_1,2021-02-12 13:15:04,COMPLETE
108,A_Concept,User_1,2021-02-12 13:15:04,COMPLETE
107,A_Concept,User_1,2021-02-12 13:57:17,COMPLETE
109,A_Create Application,User_1,2021-02-12 14:24:44,COMPLETE
109,A_Concept,User_1,2021-02-12 14:24:44,COMPLETE
110,A_Create Application,User_21,2021-02-12 15:34:55,COMPLETE
110,A_Submitted,User_21,2021-02-12 15:34:55,COMPLETE
111,A_Create Application,User_1,2021-02-12 16:45:25,COMPLETE
111,A_Concept,User_1,2021-02-12 16:45:25,COMPLETE
110,A_Concept,User_21,2021-02-12 16:53:23,COMPLETE
112,A_Create Application,User_14,2021-02-12 17:55:10,COMPLETE
112,A_Submitted,User_14,2021-02-12 17:55:10,COMPLETE
112,A_Concept,User_14,2021-02-12 18:40:50,COMPLETE
113,A_Create Application,User_1,2021-02-12 19:05:11,COMPLETE
113,A_Concept,User_23,2021-02-12 19:05:11,COMPLETE
114,A_Create Application,User_1,2021-02-12 20:17:13,COMPLETE
114,A_Concept,User_1,2021-02-12 20:17:13,COMPLETE
115,A_Create Application,User_1,2021-02-12 21:27:13,COMPLETE
115,A_Concept,User_1,2021-02-12 21:27:13,COMPLETE
116,A_Create Application,User_1,2021-02-12 22:38:04,COMPLETE
116,A_Submitted,User_19,2021-02-12 22:38:04,COMPLETE
117,A_Create Application,User_70,2021-02-12 23:48:00,COMPLETE
117,A_Concept,User_70,2021-02-12 23:48:00,COMPLETE
116,A_Concept,User_19,2021-02-13 00:28:35,COMPLETE
118,A_Create Application,User_1,2021-02-13 00:58:05,COMPLETE
118,A_Concept,User_1,2021-02-13 00:58:05,COMPLETE
119,A_Create Application,User_1,2021-02-13 02:07:42,COMPLETE
119,A_Concept,User_1,2021-02-13 02:07:42,COMPLETE
120,A_Create Application,User_1,2021-02-13 03:17:57,COMPLETE
120,A_Submitted,User_1,2021-02-13 03:17:57,COMPLETE
121,A_Create Application,User_1,2021-02-13 04:28:35,COMPLETE
121,A_Concept,User_1,2021-02-13 04:28:35,COMPLETE
120,A_Concept,User_1,2021-02-13 04:49:41,COMPLETE
122,A_Create Application,User_47,2021-02-13 05:38:14,COMPLETE
122,A_Concept,User_47,2021-02-13 05:38:14,COMPLETE
123,A_Create Application,User_14,2021-02-13 06:47:36,COMPLETE
123,A_Concept,User_14,2021-02-13 06:47:36,COMPLETE
124,A_Create Application,User_1,2021-02-13 07:58:01,COMPLETE
124,A_Submitted,User_1,2021-02-13 07:58:01,COMPLETE
125,A_Create Application,User_1,2021-02-13 09:08:20,COMPLETE
125,A_Concept,User_1,2021-02-13 09:08:20,COMPLETE
124,A_Concept,User_1,2021-02-13 09:44:55,COMPLETE
126,A_Create Application,User_1,2021-02-13 10:19:22,COMPLETE
126,A_Concept,User_1,2021-02-13 10:19:22,COMPLETE
127,A_Create Application,User_2,2021-02-13 11:30:21,COMPLETE
127,A_Concept,User_2,2021-02-13 11:30:21,COMPLETE
128,A_Create Application,User_1,2021-02-13 12:40:20,COMPLETE
128,A_Submitted,User_1,2021-02-13 12:40:20,COMPLETE
129,A_Create Application,User_9,2021-02-13 13:50:12,COMPLETE
129,A_Concept,User_9,2021-02-13 13:50:12,COMPLETE
128,A_Concept,User_1,2021-02-13 14:14:00,COMPLETE
130,A_Create Application,User_1,2021-02-13 15:00:01,COMPLETE
130,A_Concept,User_38,2021-02-13 15:00:01,COMPLETE
104,A_Accepted,User_10,2021-02-13 15:28:15,COMPLETE
104,A_Complete,User_10,2021-02-13 15:47:03,COMPLETE
131,A_Create Application,User_1,2021-02-13 16:08:13,COMPLETE
131,A_Concept,User_1,2021-02-13 16:08:13,COMPLETE
132,A_Create Application,User_1,2021-02-13 17:19:12,COMPLETE
132,A_Submitted,User_1,2021-02-13 17:19:12,COMPLETE
132,A_Concept,User_1,2021-02-13 18:16:29,COMPLETE
133,A_Create Application,User_5,2021-02-13 18:30:18,COMPLETE
133,A_Concept,User_5,2021-02-13 18:30:18,COMPLETE
100,A_Accepted,User_2,2021-02-13 18:51:28,COMPLETE
134,A_Create Application,User_15,2021-02-13 19:40:58,COMPLETE
134,A_Concept,User_15,2021-02-13 19:40:58,COMPLETE
135,A_Create Application,User_1,2021-02-13 20:49:22,COMPLETE
135,A_Concept,User_1,2021-02-13 20:49:22,COMPLETE
136,A_Create Application,User_25,2021-02-13 21:58:28,COMPLETE
136,A_Submitted,User_1,2021-02-13 21:58:28,COMPLETE
114,A_Accepted,User_18,2021-02-13 22:26:08,COMPLETE
137,A_Create Application,User_1,2021-02-13 23:07:26,COMPLETE
137,A_Concept,User_1,2021-02-13 23:07:26,COMPLETE
136,A_Concept,User_16,2021-02-13 23:46:28,COMPLETE
112,A_Accepted,User_14,2021-02-13 23:47:59,COMPLETE
112,A_Complete,User_14,2021-02-13 23:47:59,COMPLETE
100,A_Complete,User_2,2021-02-14 00:06:51,COMPLETE
138,A_Create Application,User_1,2021-02-14 00:18:23,COMPLETE
138,A_Concept,User_1,2021-02-14 00:18:23,COMPLETE
139,A_Create Application,User_36,2021-02-14 01:29:25,COMPLETE
139,A_Concept,User_36,2021-02-14 01:29:25,COMPLETE
106,A_Accepted,User_49,2021-02-14 02:06:06,COMPLETE
140,A_Create Application,User_17,2021-02-14 02:41:45,COMPLETE
140,A_Submitted,User_1,2021-02-14 02:41:45,COMPLETE
141,A_Create Application,User_1,2021-02-14 03:52:51,COMPLETE
141,A_Concept,User_17,2021-02-14 03:52:51,COMPLETE
140,A_Concept,User_1,2021-02-14 04:27:46,COMPLETE
101,A_Accepted,User_24,2021-02-14 04:36:55,COMPLETE
106,A_Complete,User_49,2021-02-14 04:47:15,COMPLETE
142,A_Create Application,User_1,2021-02-14 05:04:27,COMPLETE
142,A_Concept,User_1,2021-02-14 05:04:27,COMPLETE
102,A_Accepted,User_108,2021-02-14 06:08:43,COMPLETE
143,A_Create Application,User_1,2021-02-14 06:15:20,COMPLETE
143,A_Concept,User_5,2021-02-14 06:15:20,COMPLETE
107,A_Accepted,User_25,2021-02-14 07:13:10,COMPLETE
107,A_Complete,User_25,2021-02-14 07:13:10,COMPLETE
144,A_Create Application,User_28,2021-02-14 07:26:07,COMPLETE
144,A_Submitted,User_28,2021-02-14 07:26:07,COMPLETE
102,A_Complete,User_108,2021-02-14 08:09:49,COMPLETE
144,A_Concept,User_28,2021-02-14 08:13:55,COMPLETE
115,A_Accepted,User_35,2021-02-14 08:17:57,COMPLETE
115,A_Complete,User_35,2021-02-14 08:17:57,COMPLETE
145,A_Create Application,User_1,2021-02-14 08:36:39,COMPLETE
145,A_Concept,User_36,2021-02-14 08:36:39,COMPLETE
114,A_Complete,User_18,2021-02-14 09:09:08,COMPLETE
101,A_Complete,User_24,2021-02-14 09:40:09,COMPLETE
146,A_Create Application,User_1,2021-02-14 09:45:57,COMPLETE
146,A_Concept,User_1,2021-02-14 09:45:57,COMPLETE
147,A_Create Application,User_27,2021-02-14 10:57:36,COMPLETE
147,A_Concept,User_1,2021-02-14 10:57:36,COMPLETE
121,A_Accepted,User_38,2021-02-14 11:05:10,COMPLETE
121,A_Complete,User_38,2021-02-14 11:54:07,COMPLETE
148,A_Create Application,User_1,2021-02-14 12:06:14,COMPLETE
148,A_Submitted,User_1,2021-02-14 12:06:14,COMPLETE
119,A_Accepted,User_18,2021-02-14 12:59:42,COMPLETE
149,A_Create Application,User_1,2021-02-14 13:18:35,COMPLETE
149,A_Concept,User_1,2021-02-14 13:18:35,COMPLETE
148,A_Concept,User_1,2021-02-14 13:43:37,COMPLETE
119,A_Complete,User_18,2021-02-14 13:59:58,COMPLETE
150,A_Create Application,User_1,2021-02-14 14:28:55,COMPLETE
150,A_Submitted,User_1,2021-02-14 14:28:55,COMPLETE
151,A_Create Application,User_1,2021-02-14 15:38:20,COMPLETE
151,A_Submitted,User_1,2021-02-14 15:38:20,COMPLETE
150,A_Concept,User_1,2021-02-14 16:07:31,COMPLETE
151,A_Concept,User_1,2021-02-14 16:28:51,COMPLETE
113,A_Accepted,User_23,2021-02-14 16:30:11,COMPLETE
152,A_Create Application,User_1,2021-02-14 16:46:45,COMPLETE
152,A_Submitted,User_1,2021-02-14 16:46:45,COMPLETE
109,A_Accepted,User_3,2021-02-14 16:50:12,COMPLETE
153,A_Create Application,User_31,2021-02-14 17:57:34,COMPLETE
153,A_Concept,User_31,2021-02-14 17:57:34,COMPLETE
152,A_Concept,User_1,2021-02-14 18:03:58,COMPLETE
113,A_Complete,User_23,2021-02-14 18:30:15,COMPLETE
154,A_Create Application,User_1,2021-02-14 19:07:40,COMPLETE
154,A_Submitted,User_1,2021-02-14 19:07:40,COMPLETE
103,A_Accepted,User_18,2021-02-14 19:09:32,COMPLETE
109,A_Complete,User_3,2021-02-14 20:03:46,COMPLETE
155,A_Create Application,User_1,2021-02-14 20:17:03,COMPLETE
155,A_Submitted,User_1,2021-02-14 20:17:03,COMPLETE
154,A_Concept,User_18,2021-02-14 20:21:56,COMPLETE
105,A_Accepted,User_9,2021-02-14 20:33:22,COMPLETE
108,A_Accepted,User_11,2021-02-14 21:25:27,COMPLETE
156,A_Create Application,User_1,2021-02-14 21:27:54,COMPLETE
156,A_Submitted,User_10,2021-02-14 21:27:54,COMPLETE
105,A_Complete,User_9,2021-02-14 21:42:20,COMPLETE
117,A_Accepted,User_70,2021-02-14 21:58:58,COMPLETE
155,A_Concept,User_1,2021-02-14 22:16:57,COMPLETE
156,A_Concept,User_10,2021-02-14 22:31:54,COMPLETE
103,A_Complete,User_18,2021-02-14 22:36:00,COMPLETE
157,A_Create Application,User_22,2021-02-14 22:37:32,COMPLETE
157,A_Concept,User_1,2021-02-14 22:37:32,COMPLETE
111,A_Accepted,User_5,2021-02-14 22:54:45,COMPLETE
110,A_Accepted,User_21,2021-02-14 23:41:05,COMPLETE
158,A_Create Application,User_1,2021-02-14 23:50:35,COMPLETE
158,A_Concept,User_1,2021-02-14 23:50:35,COMPLETE
159,A_Create Application,User_1,2021-02-15 00:58:57,COMPLETE
159,A_Submitted,User_1,2021-02-15 00:58:57,COMPLETE
122,A_Accepted,User_47,2021-02-15 01:03:06,COMPLETE
108,A_Complete,User_11,2021-02-15 01:03:38,COMPLETE
117,A_Complete,User_70,2021-02-15 01:58:48,COMPLETE
159,A_Concept,User_1,2021-02-15 02:06:38,COMPLETE
160,A_Create Application,User_1,2021-02-15 02:07:30,COMPLETE
160,A_Submitted,User_1,2021-02-15 02:07:30,COMPLETE
111,A_Complete,User_5,2021-02-15 02:53:14,COMPLETE
160,A_Concept,User_1,2021-02-15 03:00:20,COMPLETE
161,A_Create Application,User_9,2021-02-15 03:18:00,COMPLETE
161,A_Concept,User_1,2021-02-15 03:18:00,COMPLETE
118,A_Accepted,User_31,2021-02-15 03:20:39,COMPLETE
122,A_Complete,User_47,2021-02-15 04:15:44,COMPLETE
162,A_Create Application,User_1,2021-02-15 04:27:12,COMPLETE
162,A_Concept,User_1,2021-02-15 04:27:12,COMPLETE
163,A_Create Application,User_12,2021-02-15 05:38:11,COMPLETE
163,A_Concept,User_12,2021-02-15 05:38:11,COMPLETE
110,A_Complete,User_21,2021-02-15 06:20:39,COMPLETE
125,A_Accepted,User_15,2021-02-15 06:34:00,COMPLETE
125,A_Complete,User_15,2021-02-15 06:34:00,COMPLETE
164,A_Create Application,User_1,2021-02-15 06:48:03,COMPLETE
164,A_Submitted,User_1,2021-02-15 06:48:03,COMPLETE
118,A_Complete,User_31,2021-02-15 07:12:04,COMPLETE
137,A_Accepted,User_38,2021-02-15 07:26:16,COMPLETE
164,A_Concept,User_1,2021-02-15 07:39:27,COMPLETE
165,A_Create Application,User_17,2021-02-15 07:59:47,COMPLETE
165,A_Concept,User_17,2021-02-15 07:59:47,COMPLETE
120,A_Accepted,User_71,2021-02-15 08:08:50,COMPLETE
120,A_Complete,User_71,2021-02-15 08:08:50,COMPLETE
166,A_Create Application,User_1,2021-02-15 09:10:57,COMPLETE
166,A_Concept,User_1,2021-02-15 09:10:57,COMPLETE
131,A_Accepted,User_2,2021-02-15 09:50:08,COMPLETE
167,A_Create Application,User_37,2021-02-15 10:21:57,COMPLETE
167,A_Concept,User_1,2021-02-15 10:21:57,COMPLETE
116,A_Accepted,User_19,2021-02-15 10:40:05,COMPLETE
137,A_Complete,User_38,2021-02-15 10:49:17,COMPLETE
168,A_Create Application,User_1,2021-02-15 11:33:04,COMPLETE
168,A_Submitted,User_1,2021-02-15 11:33:04,COMPLETE
127,A_Accepted,User_2,2021-02-15 11:38:39,COMPLETE
128,A_Accepted,User_73,2021-02-15 11:48:46,COMPLETE
128,A_Complete,User_73,2021-02-15 11:48:46,COMPLETE
129,A_Accepted,User_9,2021-02-15 12:43:55,COMPLETE
169,A_Create Application,User_1,2021-02-15 12:44:10,COMPLETE
169,A_Concept,User_38,2021-02-15 12:44:10,COMPLETE
116,A_Complete,User_19,2021-02-15 12:46:40,COMPLETE
168,A_Concept,User_1,2021-02-15 13:29:58,COMPLETE
170,A_Create Application,User_1,2021-02-15 13:53:57,COMPLETE
170,A_Concept,User_3,2021-02-15 13:53:57,COMPLETE
129,A_Complete,User_9,2021-02-15 15:03:36,COMPLETE
171,A_Create Application,User_1,2021-02-15 15:05:47,COMPLETE
171,A_Concept,User_1,2021-02-15 15:05:47,COMPLETE
123,A_Accepted,User_14,2021-02-15 15:36:39,COMPLETE
126,A_Accepted,User_5,2021-02-15 15:39:36,COMPLETE
126,A_Complete,User_5,2021-02-15 15:39:36,COMPLETE
172,A_Create Application,User_1,2021-02-15 16:17:38,COMPLETE
172,A_Submitted,User_21,2021-02-15 16:17:38,COMPLETE
131,A_Complete,User_2,2021-02-15 16:18:17,COMPLETE
135,A_Accepted,User_74,2021-02-15 16:23:20,COMPLETE
127,A_Complete,User_2,2021-02-15 16:56:19,COMPLETE
173,A_Create Application,User_1,2021-02-15 17:27:00,COMPLETE
173,A_Concept,User_43,2021-02-15 17:27:00,COMPLETE
139,A_Accepted,User_36,2021-02-15 17:27:53,COMPLETE
134,A_Accepted,User_15,2021-02-15 17:30:10,COMPLETE
134,A_Complete,User_15,2021-02-15 17:30:10,COMPLETE
172,A_Concept,User_21,2021-02-15 17:50:26,COMPLETE
123,A_Complete,User_14,2021-02-15 18:20:14,COMPLETE
132,A_Accepted,User_11,2021-02-15 18:31:08,COMPLETE
132,A_Complete,User_11,2021-02-15 18:31:08,COMPLETE
174,A_Create Application,User_70,2021-02-15 18:38:01,COMPLETE
174,A_Concept,User_70,2021-02-15 18:38:01,COMPLETE
141,A_Accepted,User_17,2021-02-15 19:17:41,COMPLETE
133,A_Accepted,User_5,2021-02-15 19:43:21,COMPLETE
175,A_Create Application,User_73,2021-02-15 19:47:42,COMPLETE
175,A_Concept,User_73,2021-02-15 19:47:42,COMPLETE
135,A_Complete,User_74,2021-02-15 19:55:25,COMPLETE
133,A_Complete,User_5,2021-02-15 20:19:39,COMPLETE
139,A_Complete,User_36,2021-02-15 20:23:01,COMPLETE
176,A_Create Application,User_1,2021-02-15 20:59:29,COMPLETE
176,A_Submitted,User_1,2021-02-15 20:59:29,COMPLETE
147,A_Accepted,User_20,2021-02-15 21:46:05,COMPLETE
177,A_Create Application,User_1,2021-02-15 22:08:54,COMPLETE
177,A_Concept,User_1,2021-02-15 22:08:54,COMPLETE
141,A_Complete,User_17,2021-02-15 22:09:14,COMPLETE
124,A_Accepted,User_35,2021-02-15 22:09:40,COMPLETE
176,A_Concept,User_18,2021-02-15 22:31:06,COMPLETE
144,A_Accepted,User_28,2021-02-15 22:35:28,COMPLETE
178,A_Create Application,User_1,2021-02-15 23:20:32,COMPLETE
178,A_Concept,User_18,2021-02-15 23:20:32,COMPLETE
179,A_Create Application,User_28,2021-02-16 00:30:11,COMPLETE
179,A_Concept,User_1,2021-02-16 00:30:11,COMPLETE
144,A_Complete,User_28,2021-02-16 00:43:52,COMPLETE
142,A_Accepted,User_11,2021-02-16 01:34:09,COMPLETE
147,A_Complete,User_20,2021-02-16 01:37:00,COMPLETE
180,A_Create Application,User_1,2021-02-16 01:40:41,COMPLETE
180,A_Submitted,User_10,2021-02-16 01:40:41,COMPLETE
130,A_Accepted,User_38,2021-02-16 01:56:49,COMPLETE
181,A_Create Application,User_1,2021-02-16 02:52:16,COMPLETE
181,A_Concept,User_4,2021-02-16 02:52:16,COMPLETE
136,A_Accepted,User_16,2021-02-16 03:06:52,COMPLETE
180,A_Concept,User_10,2021-02-16 03:22:53,COMPLETE
149,A_Accepted,User_14,2021-02-16 03:28:35,COMPLETE
182,A_Create Application,User_1,2021-02-16 04:03:34,COMPLETE
182,A_Submitted,User_1,2021-02-16 04:03:34,COMPLETE
130,A_Complete,User_38,2021-02-16 04:07:02,COMPLETE
140,A_Accepted,User_35,2021-02-16 04:15:18,COMPLETE
182,A_Concept,User_22,2021-02-16 04:49:03,COMPLETE
183,A_Create Application,User_1,2021-02-16 05:13:27,COMPLETE
183,A_Concept,User_25,2021-02-16 05:13:27,COMPLETE
143,A_Accepted,User_5,2021-02-16 06:06:30,COMPLETE
140,A_Complete,User_35,2021-02-16 06:12:59,COMPLETE
184,A_Create Application,User_1,2021-02-16 06:24:28,COMPLETE
184,A_Submitted,User_1,2021-02-16 06:24:28,COMPLETE
145,A_Accepted,User_36,2021-02-16 06:27:06,COMPLETE
184,A_Concept,User_1,2021-02-16 07:27:12,COMPLETE
185,A_Create Application,User_1,2021-02-16 07:32:14,COMPLETE
185,A_Concept,User_1,2021-02-16 07:32:14,COMPLETE
124,A_Complete,User_35,2021-02-16 07:43:46,COMPLETE
136,A_Complete,User_16,2021-02-16 07:48:47,COMPLETE
143,A_Complete,User_5,2021-02-16 08:10:23,COMPLETE
142,A_Complete,User_11,2021-02-16 08:33:18,COMPLETE
186,A_Create Application,User_1,2021-02-16 08:43:24,COMPLETE
186,A_Concept,User_1,2021-02-16 08:43:24,COMPLETE
138,A_Accepted,User_16,2021-02-16 08:44:16,COMPLETE
187,A_Create Application,User_1,2021-02-16 09:53:49,COMPLETE
187,A_Submitted,User_1,2021-02-16 09:53:49,COMPLETE
149,A_Complete,User_14,2021-02-16 10:20:53,COMPLETE
187,A_Concept,User_1,2021-02-16 10:58:42,COMPLETE
188,A_Create Application,User_34,2021-02-16 11:05:21,COMPLETE
188,A_Submitted,User_34,2021-02-16 11:05:21,COMPLETE
150,A_Accepted,User_49,2021-02-16 11:16:54,COMPLETE
138,A_Complete,User_16,2021-02-16 11:20:55,COMPLETE
189,A_Create Application,User_1,2021-02-16 12:15:39,COMPLETE
189,A_Concept,User_1,2021-02-16 12:15:39,COMPLETE
188,A_Concept,User_34,2021-02-16 12:28:06,COMPLETE
157,A_Accepted,User_43,2021-02-16 13:21:25,COMPLETE
190,A_Create Application,User_1,2021-02-16 13:27:32,COMPLETE
190,A_Concept,User_15,2021-02-16 13:27:32,COMPLETE
145,A_Complete,User_36,2021-02-16 14:25:09,COMPLETE
191,A_Create Application,User_1,2021-02-16 14:35:52,COMPLETE
191,A_Concept,User_1,2021-02-16 14:35:52,COMPLETE
152,A_Accepted,User_49,2021-02-16 14:39:36,COMPLETE
192,A_Create Application,User_1,2021-02-16 15:46:21,COMPLETE
192,A_Submitted,User_14,2021-02-16 15:46:21,COMPLETE
159,A_Accepted,User_74,2021-02-16 16:32:44,COMPLETE
193,A_Create Application,User_1,2021-02-16 16:55:37,COMPLETE
193,A_Concept,User_1,2021-02-16 16:55:37,COMPLETE
192,A_Concept,User_14,2021-02-16 17:02:55,COMPLETE
152,A_Complete,User_49,2021-02-16 17:29:17,COMPLETE
148,A_Accepted,User_35,2021-02-16 17:54:17,COMPLETE
194,A_Create Application,User_13,2021-02-16 18:05:59,COMPLETE
194,A_Concept,User_1,2021-02-16 18:05:59,COMPLETE
150,A_Complete,User_49,2021-02-16 18:20:40,COMPLETE
157,A_Complete,User_43,2021-02-16 18:28:31,COMPLETE
195,A_Create Application,User_25,2021-02-16 19:16:44,COMPLETE
195,A_Concept,User_25,2021-02-16 19:16:44,COMPLETE
146,A_Accepted,User_49,2021-02-16 19:34:34,COMPLETE
159,A_Complete,User_74,2021-02-16 19:53:43,COMPLETE
196,A_Create Application,User_1,2021-02-16 20:27:28,COMPLETE
196,A_Submitted,User_1,2021-02-16 20:27:28,COMPLETE
161,A_Accepted,User_17,2021-02-16 20:34:01,COMPLETE
153,A_Accepted,User_31,2021-02-16 20:51:55,COMPLETE
196,A_Concept,User_1,2021-02-16 21:36:33,COMPLETE
197,A_Create Application,User_38,2021-02-16 21:37:07,COMPLETE
197,A_Concept,User_38,2021-02-16 21:37:07,COMPLETE
158,A_Accepted,User_73,2021-02-16 22:14:42,COMPLETE
198,A_Create Application,User_18,2021-02-16 22:46:14,COMPLETE
198,A_Concept,User_18,2021-02-16 22:46:14,COMPLETE
199,A_Create Application,User_1,2021-02-16 23:55:45,COMPLETE
199,A_Concept,User_1,2021-02-16 23:55:45,COMPLETE
148,A_Complete,User_35,2021-02-17 00:13:01,COMPLETE
146,A_Complete,User_49,2021-02-17 01:12:37,COMPLETE
161,A_Complete,User_17,2021-02-17 01:37:49,COMPLETE
158,A_Complete,User_73,2021-02-17 02:39:36,COMPLETE
151,A_Accepted,User_25,2021-02-17 03:07:04,COMPLETE
162,A_Accepted,User_19,2021-02-17 03:36:54,COMPLETE
165,A_Accepted,User_17,2021-02-17 03:53:20,COMPLETE
155,A_Accepted,User_16,2021-02-17 04:26:12,COMPLETE
151,A_Complete,User_25,2021-02-17 04:27:20,COMPLETE
168,A_Accepted,User_34,2021-02-17 04:36:02,COMPLETE
153,A_Complete,User_31,2021-02-17 05:52:44,COMPLETE
154,A_Accepted,User_18,2021-02-17 06:00:15,COMPLETE
165,A_Complete,User_17,2021-02-17 06:21:39,COMPLETE
156,A_Accepted,User_10,2021-02-17 06:55:07,COMPLETE
166,A_Accepted,User_37,2021-02-17 07:08:36,COMPLETE
164,A_Accepted,User_23,2021-02-17 07:34:41,COMPLETE
160,A_Accepted,User_31,2021-02-17 07:52:58,COMPLETE
162,A_Complete,User_19,2021-02-17 07:59:03,COMPLETE
160,A_Complete,User_31,2021-02-17 09:38:04,COMPLETE
164,A_Complete,User_23,2021-02-17 09:57:05,COMPLETE
156,A_Complete,User_10,2021-02-17 10:05:42,COMPLETE
155,A_Complete,User_16,2021-02-17 10:35:10,COMPLETE
154,A_Complete,User_18,2021-02-17 10:53:58,COMPLETE
170,A_Accepted,User_3,2021-02-17 11:40:15,COMPLETE
170,A_Complete,User_3,2021-02-17 12:25:45,COMPLETE
168,A_Complete,User_34,2021-02-17 12:34:37,COMPLETE
169,A_Accepted,User_38,2021-02-17 12:46:21,COMPLETE
166,A_Complete,User_37,2021-02-17 12:48:36,COMPLETE
173,A_Accepted,User_43,2021-02-17 13:30:09,COMPLETE
181,A_Accepted,User_4,2021-02-17 13:35:54,COMPLETE
167,A_Accepted,User_18,2021-02-17 13:49:01,COMPLETE
177,A_Accepted,User_5,2021-02-17 14:52:25,COMPLETE
183,A_Accepted,User_25,2021-02-17 15:08:55,COMPLETE
167,A_Complete,User_18,2021-02-17 15:49:31,COMPLETE
181,A_Complete,User_4,2021-02-17 16:47:34,COMPLETE
169,A_Complete,User_38,2021-02-17 16:57:51,COMPLETE
163,A_Accepted,User_12,2021-02-17 17:18:41,COMPLETE
171,A_Accepted,User_13,2021-02-17 17:25:19,COMPLETE
173,A_Complete,User_43,2021-02-17 18:07:07,COMPLETE
177,A_Complete,User_5,2021-02-17 18:20:22,COMPLETE
183,A_Complete,User_25,2021-02-17 19:00:35,COMPLETE
176,A_Accepted,User_18,2021-02-17 19:25:32,COMPLETE
187,A_Accepted,User_22,2021-02-17 19:45:02,COMPLETE
171,A_Complete,User_13,2021-02-17 20:30:12,COMPLETE
179,A_Accepted,User_2,2021-02-17 20:50:17,COMPLETE
180,A_Accepted,User_10,2021-02-17 21:42:44,COMPLETE
172,A_Accepted,User_21,2021-02-17 22:07:15,COMPLETE
187,A_Complete,User_22,2021-02-17 22:23:48,COMPLETE
182,A_Accepted,User_22,2021-02-17 22:23:55,COMPLETE
176,A_Complete,User_18,2021-02-17 22:57:01,COMPLETE
182,A_Complete,User_22,2021-02-17 23:27:16,COMPLETE
163,A_Complete,User_12,2021-02-17 23:49:41,COMPLETE
175,A_Accepted,User_73,2021-02-17 23:50:06,COMPLETE
180,A_Complete,User_10,2021-02-18 00:15:48,COMPLETE
179,A_Complete,User_2,2021-02-18 01:43:34,COMPLETE
178,A_Accepted,User_18,2021-02-18 02:24:33,COMPLETE
175,A_Complete,User_73,2021-02-18 03:24:40,COMPLETE
192,A_Accepted,User_14,2021-02-18 06:26:39,COMPLETE
192,A_Complete,User_14,2021-02-18 06:28:45,COMPLETE
191,A_Accepted,User_18,2021-02-18 07:00:45,COMPLETE
172,A_Complete,User_21,2021-02-18 07:48:24,COMPLETE
174,A_Accepted,User_70,2021-02-18 08:01:22,COMPLETE
191,A_Complete,User_18,2021-02-18 08:24:25,COMPLETE
178,A_Complete,User_18,2021-02-18 08:51:01,COMPLETE
184,A_Accepted,User_38,2021-02-18 09:34:07,COMPLETE
199,A_Accepted,User_14,2021-02-18 09:46:53,COMPLETE
199,A_Complete,User_14,2021-02-18 09:49:53,COMPLETE
194,A_Accepted,User_3,2021-02-18 11:12:28,COMPLETE
186,A_Accepted,User_21,2021-02-18 11:14:30,COMPLETE
189,A_Accepted,User_108,2021-02-18 11:22:35,COMPLETE
186,A_Complete,User_21,2021-02-18 12:30:28,COMPLETE
194,A_Complete,User_3,2021-02-18 12:30:44,COMPLETE
184,A_Complete,User_38,2021-02-18 13:04:45,COMPLETE
174,A_Complete,User_70,2021-02-18 13:13:31,COMPLETE
185,A_Accepted,User_34,2021-02-18 13:45:48,COMPLETE
196,A_Accepted,User_20,2021-02-18 14:21:21,COMPLETE
185,A_Complete,User_34,2021-02-18 16:44:16,COMPLETE
196,A_Complete,User_20,2021-02-18 17:22:20,COMPLETE
197,A_Accepted,User_38,2021-02-18 17:57:03,COMPLETE
197,A_Complete,User_38,2021-02-18 17:57:03,COMPLETE
195,A_Accepted,User_25,2021-02-18 19:10:15,COMPLETE
189,A_Complete,User_108,2021-02-18 19:55:24,COMPLETE
195,A_Complete,User_25,2021-02-18 20:16:47,COMPLETE
188,A_Accepted,User_34,2021-02-18 20:33:24,COMPLETE
188,A_Complete,User_34,2021-02-19 01:26:57,COMPLETE
190,A_Accepted,User_15,2021-02-19 06:31:53,COMPLETE
193,A_Accepted,User_3,2021-02-19 07:38:21,COMPLETE
190,A_Complete,User_15,2021-02-19 10:20:35,COMPLETE
198,A_Accepted,User_18,2021-02-19 10:54:44,COMPLETE
193,A_Complete,User_3,2021-02-19 11:02:23,COMPLETE
198,A_Complete,User_18,2021-02-19 17:58:54,COMPLETE
101,A_Cancelled,User_1,2021-03-13 21:44:16,COMPLETE
126,A_Validating,User_113,2021-03-15 15:36:56,COMPLETE
107,A_Validating,User_112,2021-03-15 23:17:36,COMPLETE
115,A_Validating,User_35,2021-03-16 02:12:20,COMPLETE
108,A_Cancelled,User_1,2021-03-16 05:35:08,COMPLETE
163,A_Validating,User_120,2021-03-16 07:17:52,COMPLETE
112,A_Cancelled,User_1,2021-03-16 07:50:48,COMPLETE
106,A_Cancelled,User_1,2021-03-16 07:50:50,COMPLETE
104,A_Cancelled,User_1,2021-03-16 08:49:28,COMPLETE
127,A_Validating,User_125,2021-03-16 12:25:36,COMPLETE
157,A_Cancelled,User_1,2021-03-16 14:29:06,COMPLETE
109,A_Cancelled,User_1,2021-03-16 15:05:03,COMPLETE
120,A_Cancelled,User_1,2021-03-16 17:45:06,COMPLETE
135,A_Validating,User_113,2021-03-16 20:07:13,COMPLETE
114,A_Validating,User_85,2021-03-16 21:10:16,COMPLETE
122,A_Validating,User_119,2021-03-16 23:06:58,COMPLETE
113,A_Cancelled,User_23,2021-03-16 23:18:48,COMPLETE
136,A_Cancelled,User_1,2021-03-16 23:21:59,COMPLETE
142,A_Validating,User_118,2021-03-16 23:41:11,COMPLETE
128,A_Cancelled,User_1,2021-03-17 03:24:58,COMPLETE
147,A_Validating,User_112,2021-03-17 07:50:30,COMPLETE
132,A_Cancelled,User_11,2021-03-17 09:59:10,COMPLETE
155,A_Validating,User_85,2021-03-17 11:46:09,COMPLETE
176,A_Cancelled,User_1,2021-03-17 12:51:03,COMPLETE
139,A_Validating,User_34,2021-03-17 12:58:37,COMPLETE
103,A_Validating,User_112,2021-03-17 16:06:54,COMPLETE
137,A_Cancelled,User_1,2021-03-17 16:25:35,COMPLETE
119,A_Validating,User_118,2021-03-17 17:01:17,COMPLETE
140,A_Cancelled,User_1,2021-03-17 21:07:20,COMPLETE
161,A_Cancelled,User_1,2021-03-17 22:11:31,COMPLETE
105,A_Cancelled,User_9,2021-03-17 22:58:28,COMPLETE
111,A_Validating,User_117,2021-03-18 03:05:11,COMPLETE
133,A_Cancelled,User_1,2021-03-18 03:27:38,COMPLETE
121,A_Cancelled,User_1,2021-03-18 04:00:27,COMPLETE
110,A_Validating,User_125,2021-03-18 04:22:13,COMPLETE
100,A_Cancelled,User_2,2021-03-18 06:22:16,COMPLETE
124,A_Cancelled,User_1,2021-03-18 07:11:11,COMPLETE
125,A_Cancelled,User_15,2021-03-18 09:10:17,COMPLETE
141,A_Cancelled,User_1,2021-03-18 09:18:33,COMPLETE
144,A_Cancelled,User_28,2021-03-18 12:04:53,COMPLETE
138,A_Validating,User_120,2021-03-18 13:50:50,COMPLETE
166,A_Validating,User_119,2021-03-18 14:42:57,COMPLETE
126,A_Denied,User_144,2021-03-18 14:45:51,COMPLETE
169,A_Cancelled,User_1,2021-03-18 16:47:13,COMPLETE
102,A_Validating,User_125,2021-03-18 17:34:50,COMPLETE
163,A_Cancelled,User_11,2021-03-18 18:09:45,COMPLETE
146,A_Validating,User_35,2021-03-18 19:04:50,COMPLETE
118,A_Validating,User_119,2021-03-18 19:23:27,COMPLETE
164,A_Cancelled,User_23,2021-03-18 20:42:24,COMPLETE
116,A_Cancelled,User_19,2021-03-18 21:59:56,COMPLETE
115,A_Cancelled,User_1,2021-03-18 23:08:24,COMPLETE
129,A_Cancelled,User_9,2021-03-18 23:19:09,COMPLETE
107,A_Cancelled,User_25,2021-03-19 00:23:16,COMPLETE
158,A_Validating,User_85,2021-03-19 00:42:08,COMPLETE
143,A_Validating,User_125,2021-03-19 00:54:10,COMPLETE
123,A_Validating,User_119,2021-03-19 01:09:22,COMPLETE
130,A_Validating,User_85,2021-03-19 03:49:13,COMPLETE
127,A_Denied,User_90,2021-03-19 04:43:56,COMPLETE
170,A_Validating,User_119,2021-03-19 08:03:13,COMPLETE
152,A_Cancelled,User_1,2021-03-19 08:19:50,COMPLETE
153,A_Cancelled,User_31,2021-03-19 08:47:01,COMPLETE
135,A_Cancelled,User_25,2021-03-19 08:49:28,COMPLETE
131,A_Validating,User_113,2021-03-19 09:47:21,COMPLETE
151,A_Validating,User_112,2021-03-19 10:46:15,COMPLETE
174,A_Validating,User_118,2021-03-19 10:48:33,COMPLETE
114,A_Cancelled,User_1,2021-03-19 12:44:56,COMPLETE
122,A_Cancelled,User_49,2021-03-19 14:30:52,COMPLETE
179,A_Validating,User_113,2021-03-19 16:51:28,COMPLETE
142,A_Cancelled,User_1,2021-03-19 16:52:35,COMPLETE
192,A_Cancelled,User_1,2021-03-19 17:09:51,COMPLETE
134,A_Validating,User_85,2021-03-19 18:10:23,COMPLETE
149,A_Cancelled,User_1,2021-03-19 19:10:53,COMPLETE
195,A_Cancelled,User_1,2021-03-19 19:23:02,COMPLETE
177,A_Cancelled,User_1,2021-03-19 21:25:39,COMPLETE
145,A_Cancelled,User_1,2021-03-19 22:58:28,COMPLETE
154,A_Validating,User_114,2021-03-19 23:00:39,COMPLETE
147,A_Cancelled,User_20,2021-03-20 00:27:59,COMPLETE
156,A_Cancelled,User_10,2021-03-20 01:09:33,COMPLETE
139,A_Cancelled,User_1,2021-03-20 02:45:00,COMPLETE
119,A_Cancelled,User_1,2021-03-20 04:09:18,COMPLETE
173,A_Cancelled,User_1,2021-03-20 04:10:50,COMPLETE
150,A_Validating,User_119,2021-03-20 04:35:36,COMPLETE
155,A_Cancelled,User_41,2021-03-20 04:36:00,COMPLETE
178,A_Validating,User_114,2021-03-20 04:36:37,COMPLETE
181,A_Cancelled,User_4,2021-03-20 05:15:07,COMPLETE
196,A_Cancelled,User_20,2021-03-20 05:19:31,COMPLETE
117,A_Cancelled,User_1,2021-03-20 05:51:10,COMPLETE
189,A_Cancelled,User_1,2021-03-20 06:57:30,COMPLETE
187,A_Validating,User_113,2021-03-20 08:30:15,COMPLETE
172,A_Cancelled,User_21,2021-03-20 10:38:53,COMPLETE
103,A_Denied,User_115,2021-03-20 14:13:34,COMPLETE
171,A_Validating,User_112,2021-03-20 17:04:22,COMPLETE
185,A_Cancelled,User_1,2021-03-20 17:14:22,COMPLETE
182,A_Validating,User_34,2021-03-20 19:36:27,COMPLETE
111,A_Cancelled,User_5,2021-03-20 20:26:21,COMPLETE
197,A_Cancelled,User_38,2021-03-20 20:29:18,COMPLETE
165,A_Cancelled,User_1,2021-03-20 20:43:56,COMPLETE
183,A_Validating,User_118,2021-03-20 23:32:09,COMPLETE
162,A_Validating,User_117,2021-03-21 00:50:28,COMPLETE
110,A_Cancelled,User_21,2021-03-21 02:39:03,COMPLETE
199,A_Validating,User_118,2021-03-21 03:05:03,COMPLETE
167,A_Validating,User_116,2021-03-21 03:42:46,COMPLETE
138,A_Cancelled,User_2,2021-03-21 04:30:29,COMPLETE
175,A_Validating,User_30,2021-03-21 07:44:48,COMPLETE
166,A_Cancelled,User_4,2021-03-21 08:35:00,COMPLETE
190,A_Validating,User_30,2021-03-21 08:37:28,COMPLETE
194,A_Validating,User_114,2021-03-21 10:30:56,COMPLETE
160,A_Cancelled,User_1,2021-03-21 12:07:31,COMPLETE
102,A_Cancelled,User_1,2021-03-21 12:20:09,COMPLETE
130,A_Denied,User_100,2021-03-21 14:31:59,COMPLETE
143,A_Cancelled,User_5,2021-03-21 14:37:44,COMPLETE
159,A_Validating,User_85,2021-03-21 15:38:15,COMPLETE
158,A_Cancelled,User_41,2021-03-21 16:58:54,COMPLETE
118,A_Cancelled,User_25,2021-03-21 17:10:04,COMPLETE
146,A_Cancelled,User_1,2021-03-21 18:28:50,COMPLETE
131,A_Cancelled,User_37,2021-03-21 22:13:59,COMPLETE
123,A_Cancelled,User_28,2021-03-21 23:10:15,COMPLETE
168,A_Cancelled,User_1,2021-03-22 01:54:57,COMPLETE
191,A_Validating,User_30,2021-03-22 02:55:33,COMPLETE
179,A_Cancelled,User_34,2021-03-22 03:26:57,COMPLETE
174,A_Cancelled,User_1,2021-03-22 03:58:18,COMPLETE
184,A_Cancelled,User_38,2021-03-22 05:21:15,COMPLETE
170,A_Cancelled,User_10,2021-03-22 06:24:50,COMPLETE
151,A_Cancelled,User_1,2021-03-22 08:57:37,COMPLETE
134,A_Cancelled,User_15,2021-03-22 12:34:24,COMPLETE
186,A_Validating,User_34,2021-03-22 12:38:02,COMPLETE
180,A_Cancelled,User_10,2021-03-22 12:47:28,COMPLETE
154,A_Cancelled,User_1,2021-03-22 16:08:15,COMPLETE
198,A_Cancelled,User_1,2021-03-22 17:03:24,COMPLETE
188,A_Cancelled,User_34,2021-03-22 19:54:21,COMPLETE
187,A_Cancelled,User_31,2021-03-22 20:33:04,COMPLETE
150,A_Cancelled,User_5,2021-03-22 22:18:23,COMPLETE
178,A_Cancelled,User_1,2021-03-23 05:20:44,COMPLETE
148,A_Cancelled,User_1,2021-03-23 11:28:23,COMPLETE
193,A_Cancelled,User_3,2021-03-23 12:13:14,COMPLETE
171,A_Cancelled,User_13,2021-03-23 15:43:22,COMPLETE
182,A_Cancelled,User_34,2021-03-23 15:56:00,COMPLETE
167,A_Denied,User_30,2021-03-23 16:21:35,COMPLETE
175,A_Cancelled,User_14,2021-03-23 18:46:09,COMPLETE
162,A_Denied,User_30,2021-03-23 19:21:23,COMPLETE
194,A_Cancelled,User_1,2021-03-23 21:44:35,COMPLETE
190,A_Cancelled,User_31,2021-03-24 01:23:49,COMPLETE
199,A_Cancelled,User_14,2021-03-24 01:57:35,COMPLETE
183,A_Cancelled,User_25,2021-03-24 05:08:10,COMPLETE
159,A_Cancelled,User_19,2021-03-24 14:27:42,COMPLETE
191,A_Cancelled,User_28,2021-03-25 00:57:31,COMPLETE
186,A_Cancelled,User_1,2021-03-25 02:50:25,COMPLETE
